Pclass,Name,Sex,Age,SibSp,Parch,Ticket,Fare,Cabin,Embarked,target
2,Passenger_1,female,60.980969092349795,3,0,TICKET_1,12.692139958815007,C1,C,0
3,Passenger_2,female,20.917133616451594,0,0,TICKET_2,20.26469549516678,,S,1
3,Passenger_3,male,40.46038289413495,0,0,TICKET_3,12.77303691182954,C3,C,0
3,Passenger_4,female,34.03974241589413,0,0,TICKET_4,2.1747388130109373,,S,0
1,Passenger_5,male,,0,2,TICKET_5,2.5118537347212024,,S,1
1,Passenger_6,male,52.34191235253937,0,1,TICKET_6,17.068097885472568,,S,0
1,Passenger_7,female,30.164060161453616,1,3,TICKET_7,0.9425985984554204,,Q,1
3,Passenger_8,male,18.775440879980337,2,0,TICKET_8,41.065357857603956,,S,1
3,Passenger_9,male,36.369596072617185,0,2,TICKET_9,10.076594786330924,,S,1
3,Passenger_10,male,19.873127138594462,0,0,TICKET_10,596.8772993332686,,C,1
1,Passenger_11,male,,1,0,TICKET_11,194.3186817464166,C11,S,1
3,Passenger_12,male,31.679762300699693,1,0,TICKET_12,9.798811638076298,,S,0
3,Passenger_13,male,,0,0,TICKET_13,10.723049644649807,,C,0
1,Passenger_14,male,32.37786443504117,0,0,TICKET_14,40.233412889480014,,Q,0
1,Passenger_15,female,10.166668801819402,0,0,TICKET_15,94.04817320508243,,S,1
1,Passenger_16,female,15.611596441595552,1,0,TICKET_16,1.7063645804551955,,C,1
2,Passenger_17,male,47.10600166519417,1,0,TICKET_17,1.4281065008654152,,C,0
3,Passenger_18,male,20.175032954914762,0,0,TICKET_18,5.775115367905106,C18,S,0
2,Passenger_19,male,14.519790751111875,0,0,TICKET_19,24.514998154153943,C19,S,1
2,Passenger_20,male,,1,0,TICKET_20,22.1148274437156,C20,S,1
3,Passenger_21,male,46.892710242613454,1,1,TICKET_21,43.97959366423623,,S,0
1,Passenger_22,male,40.12482300464347,3,1,TICKET_22,2.8874188338441527,,S,1
2,Passenger_23,male,44.14269144418434,1,0,TICKET_23,0.7562580420615506,,C,0
2,Passenger_24,male,18.72647121574282,0,0,TICKET_24,34.110901809782135,,S,0
3,Passenger_25,male,9.083745332243264,0,0,TICKET_25,4.5094016480572305,,S,1
3,Passenger_26,male,51.469337953354554,0,1,TICKET_26,1.080922196826776,,S,0
1,Passenger_27,female,25.02114233678903,0,0,TICKET_27,14.498953800752904,,S,1
3,Passenger_28,female,,0,0,TICKET_28,31.557485711320535,,S,1
3,Passenger_29,male,48.95881505681134,1,0,TICKET_29,10.522664360543681,,C,0
1,Passenger_30,female,,0,0,TICKET_30,7.032779021373016,,C,1
3,Passenger_31,male,36.31037269518331,1,0,TICKET_31,10.061993654459913,,S,0
1,Passenger_32,female,61.092534001065715,0,1,TICKET_32,7.809185625560614,,S,1
1,Passenger_33,female,20.368985659487926,2,0,TICKET_33,2.4165561924190286,,S,1
3,Passenger_34,male,,0,0,TICKET_34,5.167469899594959,,S,0
3,Passenger_35,male,30.526690311007723,0,1,TICKET_35,22.772095071653002,C35,S,0
3,Passenger_36,male,33.59458804351723,0,1,TICKET_36,17.921735494554994,,S,0
2,Passenger_37,male,,0,0,TICKET_37,14.90462797629225,,C,0
1,Passenger_38,male,37.06361846619954,1,0,TICKET_38,3.69072096256242,,C,0
3,Passenger_39,male,37.50529314621968,1,0,TICKET_39,9.798175603493158,,S,0
2,Passenger_40,male,45.25135639099213,0,2,TICKET_40,0.8936169566638559,C40,S,1
1,Passenger_41,female,24.40818542162816,0,0,TICKET_41,15.092108580696205,,S,1
3,Passenger_42,female,17.531459823584406,0,2,TICKET_42,67.66907286862364,,S,0
1,Passenger_43,male,,0,0,TICKET_43,2.077242808544946,C43,Q,0
3,Passenger_44,male,1.187829454047975,2,0,TICKET_44,6.03084294002823,,S,1
2,Passenger_45,male,,1,0,TICKET_45,18.082201907216145,,S,1
3,Passenger_46,male,,1,0,TICKET_46,54.78471114441786,,C,1
2,Passenger_47,female,26.491822458006304,1,0,TICKET_47,7.114468023497788,,S,1
3,Passenger_48,male,25.68620715161065,0,0,TICKET_48,5.308448483430953,,S,1
3,Passenger_49,male,34.15739711823196,2,0,TICKET_49,1.1471633340519958,,C,1
1,Passenger_50,male,41.5281895818198,1,3,TICKET_50,13.792510882359599,C50,S,1
3,Passenger_51,male,42.176865581216305,1,0,TICKET_51,141.24433290180238,,S,0
3,Passenger_52,female,21.245377140750392,1,0,TICKET_52,16.993487023056247,,S,0
3,Passenger_53,female,27.276735150097032,0,0,TICKET_53,11.86111289273351,,S,1
3,Passenger_54,male,33.797409282080345,1,0,TICKET_54,17.930421096433673,C54,S,0
3,Passenger_55,male,26.093978670338565,0,0,TICKET_55,12.021414430392143,C55,C,1
3,Passenger_56,male,53.00651085228989,0,0,TICKET_56,4.592308107226498,,S,0
1,Passenger_57,female,36.81913679875464,0,2,TICKET_57,32.71834398712324,,S,1
1,Passenger_58,female,,3,0,TICKET_58,15.97322411755785,,S,1
1,Passenger_59,male,39.311778395677486,1,0,TICKET_59,12.442722356551755,,S,1
2,Passenger_60,male,46.715370933537216,1,0,TICKET_60,3.7793829942209136,,S,0
2,Passenger_61,female,32.32481260120375,1,0,TICKET_61,58.21886937882485,,S,1
2,Passenger_62,male,10.895936754640225,0,0,TICKET_62,27.048817646191942,,S,1
3,Passenger_63,female,,2,1,TICKET_63,6.274507495465782,C63,S,0
2,Passenger_64,male,20.255325040018477,0,1,TICKET_64,40.535973904744196,,S,0
2,Passenger_65,male,22.035058114628526,0,0,TICKET_65,6.705412217324409,C65,S,1
3,Passenger_66,male,38.20227827194885,0,0,TICKET_66,4.766421477493856,,S,0
1,Passenger_67,male,47.655104535787714,1,0,TICKET_67,4.895695056328523,,S,1
3,Passenger_68,male,30.008437862672892,1,0,TICKET_68,1.4545807813059028,,S,1
1,Passenger_69,female,34.178078682684976,0,0,TICKET_69,21.45270739954014,,S,1
3,Passenger_70,male,54.38211669721095,0,0,TICKET_70,1.3534083927003167,,S,0
3,Passenger_71,male,33.19092110258424,1,0,TICKET_71,2.789514042873871,,S,1
1,Passenger_72,male,67.42440515561573,0,0,TICKET_72,1.0093377160687038,,S,0
1,Passenger_73,male,37.899889861657385,1,0,TICKET_73,10.987039695357621,,S,0
3,Passenger_74,male,4.168939992240642,3,0,TICKET_74,10.17176197914323,C74,C,1
3,Passenger_75,male,40.62345350601572,0,0,TICKET_75,8.231469428845461,,S,1
3,Passenger_76,female,35.226796580800276,0,0,TICKET_76,3.486529282247626,,C,1
3,Passenger_77,male,48.401414934199806,1,1,TICKET_77,2.9841635680698313,,C,0
1,Passenger_78,male,39.4611295934144,1,0,TICKET_78,21.26885585459418,C78,Q,0
2,Passenger_79,male,27.692388232235277,0,0,TICKET_79,6.292369330813959,,S,0
1,Passenger_80,female,11.947675573804197,2,0,TICKET_80,17.80768286567565,,S,1
3,Passenger_81,female,26.66916276935263,0,1,TICKET_81,4.211006011085271,,S,0
3,Passenger_82,female,17.367453413965148,0,0,TICKET_82,15.139016587744127,,S,0
2,Passenger_83,male,21.28240997783152,1,0,TICKET_83,58.20281054829788,C83,S,0
1,Passenger_84,male,38.23438686409884,1,0,TICKET_84,24.616057169534947,,S,1
2,Passenger_85,male,53.91361531309539,0,0,TICKET_85,7.426861929291316,,S,0
2,Passenger_86,male,35.422737182433224,1,2,TICKET_86,16.58732358904034,,S,0
3,Passenger_87,male,12.359695600489825,0,0,TICKET_87,9.12667816053826,,C,1
3,Passenger_88,male,36.14673868919204,0,1,TICKET_88,12.29824072466724,C88,C,0
3,Passenger_89,male,47.051156556361946,0,2,TICKET_89,8.242195374847233,,S,0
3,Passenger_90,male,20.858147887368958,1,2,TICKET_90,10.002126825572136,,S,0
1,Passenger_91,female,27.756751083242694,0,0,TICKET_91,15.713371278708557,,C,0
3,Passenger_92,male,29.912978823573358,0,0,TICKET_92,3.698656185241757,,Q,1
3,Passenger_93,male,18.31897446030752,0,0,TICKET_93,3.6000416239804935,C93,S,1
3,Passenger_94,female,,1,0,TICKET_94,2.3019323799799443,,S,1
3,Passenger_95,male,27.946251845187167,0,0,TICKET_95,1.7854574815791089,,S,0
3,Passenger_96,female,35.7832204366519,1,0,TICKET_96,2.8271263432171247,C96,S,1
3,Passenger_97,male,16.831363421869547,0,0,TICKET_97,14.751650991734326,,S,0
2,Passenger_98,male,23.35685464531055,0,0,TICKET_98,4.173082541923079,,S,1
1,Passenger_99,female,,0,1,TICKET_99,22.563585755829976,,S,1
1,Passenger_100,female,,1,0,TICKET_100,12.70069223285423,C100,Q,1
1,Passenger_101,female,54.740975842884374,1,1,TICKET_101,1.1477401749888787,,S,1
3,Passenger_102,male,,0,0,TICKET_102,26.734923341917575,,Q,0
2,Passenger_103,male,,0,1,TICKET_103,32.23195573972504,,Q,1
3,Passenger_104,male,43.222567062159804,0,0,TICKET_104,3.69642002406822,,S,0
3,Passenger_105,male,9.133696872471038,0,0,TICKET_105,20.170675696391417,,S,1
2,Passenger_106,female,,0,2,TICKET_106,4.358823210621093,,S,1
2,Passenger_107,male,7.577983438733625,0,0,TICKET_107,13.697378334791862,,C,1
3,Passenger_108,female,,0,1,TICKET_108,2.6713979486144908,,S,0
1,Passenger_109,male,21.69805688455952,0,0,TICKET_109,1.4166178813179369,,S,1
1,Passenger_110,male,66.79388964218965,0,0,TICKET_110,7.695374025900536,C110,S,0
2,Passenger_111,male,21.518409819467863,1,0,TICKET_111,10.501575194862964,C111,C,1
1,Passenger_112,female,32.37599389635704,0,0,TICKET_112,7.5593436501744025,,S,1
3,Passenger_113,female,,0,0,TICKET_113,2.942216856791672,,S,0
3,Passenger_114,female,58.78834687830728,1,0,TICKET_114,7.5392380719072625,,C,0
3,Passenger_115,female,59.591801861227765,0,0,TICKET_115,16.829843395797425,,S,1
3,Passenger_116,female,47.221310343600564,0,0,TICKET_116,11.543567597349156,C116,S,1
3,Passenger_117,female,44.5489066242662,1,3,TICKET_117,15.165168265381626,,C,1
1,Passenger_118,male,,0,2,TICKET_118,5.451341686871595,,C,1
3,Passenger_119,male,40.98623560441625,0,0,TICKET_119,49.70281133798366,C119,C,0
3,Passenger_120,male,,0,0,TICKET_120,2.970089229999752,,S,0
3,Passenger_121,female,17.836116190376543,2,0,TICKET_121,21.86904915277319,,Q,1
3,Passenger_122,female,29.651070367541195,0,0,TICKET_122,50.31329274877059,,S,1
2,Passenger_123,male,27.232322973388538,0,1,TICKET_123,21.695171218664814,,S,1
1,Passenger_124,female,23.12819328475451,0,2,TICKET_124,9.5541052145244,,,1
1,Passenger_125,female,39.79761798812237,0,0,TICKET_125,6.462676455606809,,C,1
2,Passenger_126,male,43.551925524272406,0,1,TICKET_126,42.23736185044866,C126,Q,0
3,Passenger_127,male,30.981899851231788,1,0,TICKET_127,2.2087573883566978,,S,0
3,Passenger_128,female,51.1241861753013,0,4,TICKET_128,3.8032306916459997,C128,S,1
1,Passenger_129,male,13.145507845064177,0,0,TICKET_129,7.560449766990265,,S,1
3,Passenger_130,female,26.891937840444086,0,0,TICKET_130,53.79521426421854,C130,C,1
2,Passenger_131,male,19.30607635125933,0,0,TICKET_131,19.21557529095987,,S,1
1,Passenger_132,female,,3,0,TICKET_132,3.8127285580447583,C132,S,1
1,Passenger_133,female,28.50113005528086,0,0,TICKET_133,8.394953517085982,C133,Q,1
2,Passenger_134,female,,0,2,TICKET_134,5.8288062940132415,,S,1
3,Passenger_135,male,51.6450212770109,0,0,TICKET_135,5.197892262692722,C135,S,0
2,Passenger_136,female,38.846769426044276,3,0,TICKET_136,39.435541186709415,C136,C,1
3,Passenger_137,female,14.849291047226528,0,0,TICKET_137,2.3488086563908914,C137,S,1
3,Passenger_138,male,56.58434221184573,0,0,TICKET_138,83.9765024423187,,S,1
2,Passenger_139,female,47.40498858511762,1,0,TICKET_139,32.91326039940739,C139,C,1
3,Passenger_140,male,,1,0,TICKET_140,45.1068448148981,C140,S,0
3,Passenger_141,male,26.415980566677437,0,0,TICKET_141,6.989944285196601,,S,1
2,Passenger_142,male,15.788131067509543,0,0,TICKET_142,10.176398199833137,C142,S,1
3,Passenger_143,male,24.30300174696973,0,0,TICKET_143,2.1819474911497676,,C,1
2,Passenger_144,male,45.48685498571069,0,0,TICKET_144,6.490925415388574,,S,1
2,Passenger_145,female,57.02650143605183,0,2,TICKET_145,22.0295738636779,,S,1
1,Passenger_146,male,52.07703115994674,0,0,TICKET_146,57.7010674958576,,S,0
3,Passenger_147,female,22.611683384099024,0,0,TICKET_147,3.22654472425678,,C,1
3,Passenger_148,male,13.465547217309336,0,0,TICKET_148,7.856905884892025,,S,1
1,Passenger_149,male,31.742850580212455,0,0,TICKET_149,10.159822136234562,C149,S,0
2,Passenger_150,male,4.057629199338649,2,0,TICKET_150,2.2820016109308527,,S,1
3,Passenger_151,female,34.38593185567933,0,0,TICKET_151,24.769649422981207,,S,1
1,Passenger_152,male,,0,0,TICKET_152,5.110062330592682,,Q,1
1,Passenger_153,male,22.942470722910485,0,0,TICKET_153,9.63624566172496,,Q,1
3,Passenger_154,female,6.576805524631464,2,0,TICKET_154,7.082739399509548,C154,S,1
3,Passenger_155,male,37.14720154526089,0,1,TICKET_155,4.724651459956662,,Q,0
2,Passenger_156,male,21.975837824902285,0,3,TICKET_156,12.079937485155078,C156,S,0
3,Passenger_157,male,12.736205882200824,0,0,TICKET_157,9.405254342528467,,Q,0
3,Passenger_158,female,-11.947802092583917,0,0,TICKET_158,7.797245585494241,,S,1
1,Passenger_159,male,,0,1,TICKET_159,5.08271747193434,,S,0
3,Passenger_160,female,55.39764815171129,0,2,TICKET_160,17.875473986209784,,S,1
2,Passenger_161,male,53.78825861094411,0,0,TICKET_161,88.61850733445809,,S,0
3,Passenger_162,female,23.072104279499058,2,0,TICKET_162,14.409168126001997,,Q,1
3,Passenger_163,female,20.96792512475418,0,0,TICKET_163,40.25933320658745,,S,1
3,Passenger_164,female,36.49722671308784,0,0,TICKET_164,2.297298092092813,,C,1
1,Passenger_165,male,15.223411131769772,1,0,TICKET_165,14.721569439558907,,S,0
3,Passenger_166,female,34.07598254738225,0,0,TICKET_166,3.2646678178624584,,S,1
2,Passenger_167,male,40.808164036578006,0,0,TICKET_167,2.070292883664848,,S,1
1,Passenger_168,male,47.49053174632246,0,0,TICKET_168,5.016609519746108,,S,0
1,Passenger_169,male,28.247765891040682,0,1,TICKET_169,50.92119294772651,C169,S,0
3,Passenger_170,female,26.746730622433994,1,0,TICKET_170,38.09256026399026,,S,1
3,Passenger_171,female,16.969252492029867,2,0,TICKET_171,16.3071826881183,,S,1
1,Passenger_172,female,17.710234866422027,0,0,TICKET_172,1.9362620345730082,C172,S,1
3,Passenger_173,male,26.41605606742786,0,0,TICKET_173,9.625956177287705,,C,0
1,Passenger_174,male,35.026799848834585,2,3,TICKET_174,17.49718499710193,,S,1
3,Passenger_175,female,42.94697708038211,1,0,TICKET_175,15.03894959755033,,S,1
1,Passenger_176,male,,1,0,TICKET_176,1.3330208731125908,,Q,1
3,Passenger_177,male,,0,0,TICKET_177,4.185468237441631,C177,Q,1
2,Passenger_178,male,25.768707784882753,0,0,TICKET_178,11.280850960910898,C178,C,0
3,Passenger_179,male,29.390174231947675,1,2,TICKET_179,23.186010275397962,C179,S,0
1,Passenger_180,male,18.865430652356558,1,0,TICKET_180,0.8734072078599627,,Q,1
2,Passenger_181,male,,0,0,TICKET_181,10.02870247726049,,C,1
1,Passenger_182,male,42.51865824723522,0,0,TICKET_182,14.463938097176463,,Q,0
3,Passenger_183,male,40.384236507840285,0,0,TICKET_183,33.768701629988385,,S,0
3,Passenger_184,female,25.620750421785907,0,1,TICKET_184,27.97829696092648,,S,0
2,Passenger_185,male,30.671365399760642,0,1,TICKET_185,24.5101074773343,,S,1
3,Passenger_186,male,37.181118656709444,2,0,TICKET_186,4.664923297106894,,S,0
3,Passenger_187,female,,0,0,TICKET_187,1.2341684647998428,,S,1
3,Passenger_188,male,22.028736178478724,1,1,TICKET_188,7.601432311129802,C188,Q,1
3,Passenger_189,female,41.21683785451649,0,2,TICKET_189,40.52658547553504,C189,Q,0
2,Passenger_190,female,11.512803364045883,0,0,TICKET_190,64.8544438212548,,S,1
1,Passenger_191,male,33.95659001641612,3,0,TICKET_191,28.57862105557278,,C,1
3,Passenger_192,male,10.029563832960626,0,0,TICKET_192,20.39335244816522,,S,0
3,Passenger_193,female,36.46323474528613,0,1,TICKET_193,19.212624289877137,C193,S,0
3,Passenger_194,female,29.183198506686487,0,0,TICKET_194,6.250475268936737,,S,1
2,Passenger_195,male,6.280588669370111,0,0,TICKET_195,10.422090580586884,,S,0
2,Passenger_196,male,46.58872063962899,1,0,TICKET_196,90.27706405567552,,S,0
3,Passenger_197,male,19.048422136428286,2,0,TICKET_197,3.9311436673492706,,C,1
3,Passenger_198,female,,0,0,TICKET_198,84.58310556458945,,Q,1
3,Passenger_199,male,32.60825335984867,0,0,TICKET_199,8.277708795702711,C199,S,0
3,Passenger_200,female,46.35524156671637,0,0,TICKET_200,59.770876717447834,,S,1
3,Passenger_201,male,14.970583624813244,1,0,TICKET_201,2.25200738280115,,C,1
1,Passenger_202,male,30.594357822795587,0,0,TICKET_202,24.60833093243869,,S,1
1,Passenger_203,male,,0,0,TICKET_203,5.03229346203934,,S,1
3,Passenger_204,male,39.75003130531559,0,0,TICKET_204,2.229281574558476,C204,S,0
3,Passenger_205,male,32.258402551519765,0,1,TICKET_205,15.83528773885582,,S,0
1,Passenger_206,male,,0,1,TICKET_206,40.90965694547279,C206,S,1
1,Passenger_207,male,17.699941800593564,1,0,TICKET_207,4.419693163634816,,C,1
3,Passenger_208,female,30.949086304172432,0,0,TICKET_208,2.0161320467617476,,S,0
1,Passenger_209,male,,0,0,TICKET_209,10.911161790872406,,C,1
1,Passenger_210,male,-12.659582010671809,1,0,TICKET_210,10.969049284246575,,S,0
3,Passenger_211,female,36.03011716028618,1,0,TICKET_211,23.523114960675173,,S,1
3,Passenger_212,female,42.80705519574983,0,0,TICKET_212,38.07330900709974,,S,0
3,Passenger_213,female,-4.562520315356661,0,0,TICKET_213,11.34414534800977,,S,1
1,Passenger_214,female,15.058904781705905,0,0,TICKET_214,112.91146067651498,,S,1
3,Passenger_215,male,38.677736784575366,0,0,TICKET_215,15.943985818326228,C215,S,1
1,Passenger_216,male,,0,0,TICKET_216,8.038867320984469,C216,S,0
2,Passenger_217,female,30.001508761293415,0,0,TICKET_217,1.7614180045721775,,S,1
3,Passenger_218,female,19.14395735217755,0,0,TICKET_218,8.888946829370493,C218,S,1
3,Passenger_219,male,27.048001603979817,1,0,TICKET_219,8.136301092573627,,C,0
3,Passenger_220,female,,0,1,TICKET_220,38.56579545574781,,S,1
3,Passenger_221,male,20.333519402694236,0,2,TICKET_221,21.2207685109509,C221,S,1
3,Passenger_222,male,18.111715903571323,0,0,TICKET_222,2.9587209221242583,,C,0
1,Passenger_223,male,22.700218928360528,2,0,TICKET_223,14.979839499210325,,Q,0
2,Passenger_224,male,,1,0,TICKET_224,27.27136923973153,,S,1
2,Passenger_225,male,31.478719581924533,1,0,TICKET_225,76.22104695136676,C225,C,1
2,Passenger_226,male,53.25783764780863,1,0,TICKET_226,35.33962165217333,C226,S,0
3,Passenger_227,female,,2,1,TICKET_227,30.35666157470527,,S,0
2,Passenger_228,male,26.040874219168828,0,0,TICKET_228,13.093333316574403,,S,0
3,Passenger_229,male,25.46873660072461,0,1,TICKET_229,19.41361077685003,,C,0
3,Passenger_230,female,,0,0,TICKET_230,54.565721860565574,,S,1
3,Passenger_231,female,42.505091768633804,1,0,TICKET_231,2.4612445164721013,,S,1
3,Passenger_232,female,28.57136064331437,1,0,TICKET_232,8.009856191828625,C232,S,1
3,Passenger_233,female,27.083041252935928,0,0,TICKET_233,4.820692073613113,,S,0
3,Passenger_234,female,76.00005973375048,0,0,TICKET_234,19.201410549813453,,S,0
1,Passenger_235,male,34.03191717130245,0,0,TICKET_235,53.317606810592686,,S,0
3,Passenger_236,male,18.79902977361983,2,0,TICKET_236,5.951426007298966,,S,0
2,Passenger_237,male,23.517814855019623,0,4,TICKET_237,0.691864438301485,C237,S,0
1,Passenger_238,male,,0,0,TICKET_238,7.4285828421680735,,S,1
3,Passenger_239,male,,0,3,TICKET_239,36.45827581712106,,S,1
1,Passenger_240,female,8.844969314398181,0,3,TICKET_240,23.2232953206214,,S,1
3,Passenger_241,male,43.02881955134045,1,1,TICKET_241,20.3651172268231,,C,0
3,Passenger_242,male,,0,0,TICKET_242,8.705961646850714,,S,0
3,Passenger_243,male,56.86281775515441,1,0,TICKET_243,2.625215837666275,,S,0
2,Passenger_244,female,45.360696952862405,0,1,TICKET_244,22.609115958584166,,S,1
1,Passenger_245,male,23.21383251294811,0,0,TICKET_245,4.4765910389080545,,S,1
3,Passenger_246,female,48.27473724515914,0,0,TICKET_246,167.48873245155895,,Q,1
2,Passenger_247,male,,1,0,TICKET_247,24.157832388568526,,S,0
3,Passenger_248,male,,0,0,TICKET_248,6.069171088016351,C248,C,0
3,Passenger_249,male,36.72862585076988,0,0,TICKET_249,5.849391876666028,,S,0
3,Passenger_250,female,17.427828502632334,0,0,TICKET_250,10.896775851766655,,S,0
2,Passenger_251,male,20.3685274313968,2,0,TICKET_251,9.139427014066646,,S,1
2,Passenger_252,female,,0,1,TICKET_252,46.53480515828247,,S,0
3,Passenger_253,male,24.845757684455158,1,0,TICKET_253,15.236584389152595,,S,1
2,Passenger_254,male,23.847097282991047,0,2,TICKET_254,5.063418830312907,,S,0
1,Passenger_255,female,15.85072259943438,0,0,TICKET_255,117.7458893356995,,C,1
3,Passenger_256,female,35.842186451105185,0,1,TICKET_256,12.925085013559416,,Q,0
3,Passenger_257,female,59.6066113290256,0,0,TICKET_257,30.649232189738303,,S,1
3,Passenger_258,female,14.220772743313043,0,1,TICKET_258,5.871606000574802,C258,S,1
3,Passenger_259,female,30.05118212175499,0,0,TICKET_259,18.835412719856173,,S,1
1,Passenger_260,female,50.177198053523725,0,1,TICKET_260,17.695882570298306,,S,1
3,Passenger_261,female,28.54519982693713,2,0,TICKET_261,1.2616505821130772,,S,1
3,Passenger_262,female,36.25939104562114,0,1,TICKET_262,136.77402788921327,,S,1
1,Passenger_263,female,14.295293841870244,1,4,TICKET_263,57.3270937973511,,S,1
3,Passenger_264,male,35.9104529095109,0,0,TICKET_264,7.563738818292909,C264,C,0
3,Passenger_265,female,26.98640815743404,0,0,TICKET_265,3.245522361447366,,C,0
3,Passenger_266,male,43.99308493735801,0,1,TICKET_266,18.487113772933718,C266,S,0
3,Passenger_267,female,46.91709774768889,0,0,TICKET_267,13.518204239856061,,Q,0
3,Passenger_268,female,67.2486728092699,0,1,TICKET_268,18.667848980006163,,Q,1
2,Passenger_269,male,38.104681011596846,0,0,TICKET_269,15.331244578997365,,C,0
2,Passenger_270,female,,0,0,TICKET_270,22.36481996878824,C270,S,1
3,Passenger_271,male,32.518572372871375,0,3,TICKET_271,69.18380747872878,,S,0
3,Passenger_272,male,,1,0,TICKET_272,24.0882422054541,,S,0
3,Passenger_273,female,34.60801573019452,1,1,TICKET_273,3.457042315213169,,S,1
3,Passenger_274,male,,1,0,TICKET_274,62.49430441656981,,S,0
3,Passenger_275,female,,0,0,TICKET_275,87.24650266286804,,S,1
3,Passenger_276,female,48.805164266315415,0,0,TICKET_276,535.1077248113925,C276,C,0
3,Passenger_277,male,,0,0,TICKET_277,3.1639054301085294,C277,C,1
3,Passenger_278,male,,0,0,TICKET_278,16.304781621081602,,S,0
3,Passenger_279,male,48.798168476428046,0,0,TICKET_279,1.0014826542197683,C279,S,0
3,Passenger_280,male,27.988006358629356,0,0,TICKET_280,23.65983743517829,,S,1
3,Passenger_281,female,-1.066896035624623,0,0,TICKET_281,6.310151225043096,,S,1
2,Passenger_282,male,,0,1,TICKET_282,122.50293070118899,,S,0
2,Passenger_283,male,,1,0,TICKET_283,4.8088695513068895,,C,1
1,Passenger_284,male,29.36841309666621,1,0,TICKET_284,1.6047698560629389,C284,Q,0
3,Passenger_285,male,15.210117631723794,0,0,TICKET_285,6.920468787247599,,Q,0
1,Passenger_286,female,,2,0,TICKET_286,1.1381619931232496,,Q,1
3,Passenger_287,male,41.88899038431602,2,0,TICKET_287,30.003659135534896,,S,0
3,Passenger_288,female,37.627636738919996,0,0,TICKET_288,1.0221419173231172,,Q,1
2,Passenger_289,male,,0,0,TICKET_289,12.60570006055011,,Q,1
3,Passenger_290,female,,0,0,TICKET_290,1.0066478154534308,C290,S,1
1,Passenger_291,male,24.019506838864583,2,0,TICKET_291,8.294914652467568,C291,S,0
1,Passenger_292,male,16.32505232477171,1,1,TICKET_292,87.53631947581763,C292,Q,0
3,Passenger_293,female,53.12294749730691,0,0,TICKET_293,18.779718225920366,,C,1
2,Passenger_294,male,,0,0,TICKET_294,4.32238647304599,,S,0
1,Passenger_295,female,47.34879855196969,0,0,TICKET_295,11.734765114240016,,S,1
3,Passenger_296,female,51.75908275287554,0,0,TICKET_296,12.448750375823083,,S,1
3,Passenger_297,male,44.175508023145426,0,2,TICKET_297,21.480733455100136,,S,0
1,Passenger_298,male,23.441505465588296,1,0,TICKET_298,2.362617144341697,,S,0
3,Passenger_299,female,35.55408630988084,0,0,TICKET_299,24.80588016805152,,S,1
1,Passenger_300,male,29.349163707331716,1,0,TICKET_300,0.47460615895128294,,S,1
1,Passenger_301,male,16.59632301941314,1,0,TICKET_301,5.720970948132286,,S,1
3,Passenger_302,male,34.40320958496324,1,0,TICKET_302,6.780639296715855,,C,0
3,Passenger_303,male,12.603923028182862,0,0,TICKET_303,26.049333729913773,,S,1
3,Passenger_304,male,46.92135113269268,0,0,TICKET_304,12.51786749403775,C304,S,0
3,Passenger_305,female,22.9630491891733,0,0,TICKET_305,2.2553932215327035,,C,0
3,Passenger_306,female,32.61681501015617,0,0,TICKET_306,3.7359728343463203,C306,S,1
3,Passenger_307,female,33.80767413741906,0,0,TICKET_307,15.462473307701224,,S,1
2,Passenger_308,female,25.945877881290876,1,0,TICKET_308,11.079750796355311,,S,1
3,Passenger_309,male,,0,0,TICKET_309,6.080281951088225,,S,0
2,Passenger_310,female,22.813896978973396,0,2,TICKET_310,6.841448324620897,C310,S,1
2,Passenger_311,male,42.33381081313004,0,0,TICKET_311,28.089661671330102,C311,S,1
1,Passenger_312,male,,0,2,TICKET_312,6.545441888778287,,Q,0
1,Passenger_313,male,31.53250390342297,1,0,TICKET_313,10.960418961079336,,S,1
3,Passenger_314,male,,1,0,TICKET_314,164.66677817515725,,S,0
3,Passenger_315,female,,0,0,TICKET_315,2.2068823887154485,,S,1
3,Passenger_316,female,19.872697927389652,0,0,TICKET_316,1.320207237142201,C316,S,0
2,Passenger_317,male,37.15166382005427,0,0,TICKET_317,31.196552682280945,,S,1
1,Passenger_318,male,32.30393583812417,0,0,TICKET_318,5.395840216561811,,S,0
1,Passenger_319,female,,0,0,TICKET_319,8.315447808599913,,C,1
2,Passenger_320,male,36.79321338714112,1,2,TICKET_320,4.771269186023802,,S,1
3,Passenger_321,male,38.903461294145664,0,0,TICKET_321,8.919499463668695,,S,0
3,Passenger_322,male,,0,0,TICKET_322,82.95064020054652,,S,0
3,Passenger_323,female,,0,0,TICKET_323,31.898345726470357,,C,0
2,Passenger_324,female,26.201764008031134,0,0,TICKET_324,34.28363800496282,,Q,1
3,Passenger_325,male,39.4523186674396,0,0,TICKET_325,2.226715284612359,,S,0
3,Passenger_326,male,,0,0,TICKET_326,3.0606138980991124,C326,S,0
3,Passenger_327,female,27.776810677452684,0,2,TICKET_327,0.40377624987737204,,S,1
3,Passenger_328,female,,0,1,TICKET_328,4.612375488783881,,S,0
2,Passenger_329,male,45.7526697046611,0,0,TICKET_329,38.39947638382378,,S,0
2,Passenger_330,female,27.954473122672823,0,0,TICKET_330,22.65398600254001,,S,0
2,Passenger_331,male,-1.8037084172035236,0,2,TICKET_331,9.338859022600737,,C,1
3,Passenger_332,male,,2,0,TICKET_332,11.860809662025325,,S,0
1,Passenger_333,female,21.93774130366812,0,0,TICKET_333,5.329925970714389,,Q,1
1,Passenger_334,male,28.387267406589668,0,0,TICKET_334,15.575678994599333,C334,S,1
1,Passenger_335,male,,0,0,TICKET_335,30.540508055030003,,S,1
1,Passenger_336,male,32.46224535679646,0,0,TICKET_336,1.7523116429773369,,S,0
3,Passenger_337,male,,0,0,TICKET_337,17.45414620690055,,S,0
3,Passenger_338,female,23.38544762673727,1,0,TICKET_338,37.29733383518637,,S,1
3,Passenger_339,male,37.140034073553196,1,0,TICKET_339,7.402958023502521,,S,1
1,Passenger_340,female,25.9365731750332,0,0,TICKET_340,28.24286147597384,C340,C,1
3,Passenger_341,male,,0,0,TICKET_341,356.9462939568063,,S,0
3,Passenger_342,male,38.62282851818927,0,0,TICKET_342,10.7487411825112,,C,0
1,Passenger_343,male,16.136138820353366,1,0,TICKET_343,19.53032644897896,,S,0
2,Passenger_344,female,,0,0,TICKET_344,5.024527901625675,,C,1
2,Passenger_345,male,21.9285300458463,0,0,TICKET_345,15.142439963884497,,C,0
3,Passenger_346,female,,0,0,TICKET_346,21.164514819225563,,S,0
3,Passenger_347,male,35.025666044319436,0,1,TICKET_347,15.39142918904184,,S,0
1,Passenger_348,female,56.353663313529275,0,2,TICKET_348,3.5835918817507313,,S,1
2,Passenger_349,male,26.459743255608142,0,0,TICKET_349,15.60566712594666,,C,0
3,Passenger_350,female,,0,0,TICKET_350,70.43111404969261,C350,S,1
3,Passenger_351,female,29.418415714627876,1,0,TICKET_351,20.871047623665323,,C,0
3,Passenger_352,female,,0,0,TICKET_352,38.643733482175726,C352,S,1
3,Passenger_353,female,41.29915757815972,0,1,TICKET_353,9.16677593380518,C353,S,1
1,Passenger_354,female,,1,0,TICKET_354,29.96051317903166,,S,1
1,Passenger_355,male,,0,0,TICKET_355,17.032468016301802,,S,0
3,Passenger_356,male,14.216857637101699,0,0,TICKET_356,3.8919375730213477,,S,0
1,Passenger_357,male,43.47946008361685,0,0,TICKET_357,17.85395773965842,,S,0
3,Passenger_358,female,54.503893902437916,0,0,TICKET_358,3.7060403067065377,,S,1
3,Passenger_359,male,28.18548633120666,1,0,TICKET_359,5.700441740313326,C359,S,1
3,Passenger_360,female,,0,0,TICKET_360,15.289922767498094,C360,S,1
2,Passenger_361,male,30.71575636514113,0,1,TICKET_361,17.403879272311766,,C,0
3,Passenger_362,male,46.54723538781876,0,2,TICKET_362,2.923907895508878,,S,1
3,Passenger_363,male,16.253379554236673,0,0,TICKET_363,43.154337133408546,,S,0
3,Passenger_364,female,33.15635024965438,1,0,TICKET_364,24.20132863578107,C364,S,1
3,Passenger_365,male,43.84036563184523,0,0,TICKET_365,5.2295533728356975,,C,0
2,Passenger_366,male,36.96586546412775,0,0,TICKET_366,1.9249466330431533,,C,0
3,Passenger_367,male,32.44893344068178,1,0,TICKET_367,10.238084126676464,,S,0
3,Passenger_368,male,44.21516834222355,0,0,TICKET_368,7.1339675862446015,,S,0
1,Passenger_369,male,,1,0,TICKET_369,13.954032693514915,C369,C,1
1,Passenger_370,male,39.52919213319816,1,0,TICKET_370,7.879464987782171,,S,1
1,Passenger_371,female,,1,0,TICKET_371,1.0953257056327408,,S,1
1,Passenger_372,male,,0,0,TICKET_372,7.644478893718127,C372,S,0
1,Passenger_373,male,37.11243769311222,0,0,TICKET_373,8.442319277055239,,C,0
3,Passenger_374,male,49.61804890486289,1,0,TICKET_374,26.059782609225117,,Q,0
1,Passenger_375,male,27.70699653789847,0,3,TICKET_375,5.27068529165654,,S,0
2,Passenger_376,male,43.51668093444261,0,0,TICKET_376,91.32363336500126,,C,0
3,Passenger_377,male,53.07803474083536,1,0,TICKET_377,1.228791712763121,,Q,1
1,Passenger_378,male,48.766259576968686,1,1,TICKET_378,58.75645370935451,,S,0
3,Passenger_379,male,,0,5,TICKET_379,9.307469361450103,,S,1
2,Passenger_380,female,,0,0,TICKET_380,34.175255090064056,,Q,0
1,Passenger_381,female,30.793787764073095,0,1,TICKET_381,13.40679651346414,C381,C,1
3,Passenger_382,female,6.471495727491057,1,0,TICKET_382,47.821084627302675,C382,C,1
3,Passenger_383,male,26.132093922115743,1,0,TICKET_383,7.65351976891655,,Q,1
3,Passenger_384,male,17.47292436791522,0,0,TICKET_384,3.2597662481508674,,S,0
3,Passenger_385,male,,0,0,TICKET_385,66.99413945372717,,S,1
3,Passenger_386,male,,1,0,TICKET_386,10.63152054514707,,S,0
2,Passenger_387,female,31.486469698375043,0,0,TICKET_387,15.89286344211972,C387,S,1
1,Passenger_388,male,,0,0,TICKET_388,53.60821369171799,,S,1
3,Passenger_389,male,30.33223547240058,2,0,TICKET_389,3.531256333564094,,Q,0
3,Passenger_390,male,54.278240086245916,0,0,TICKET_390,24.893060682171658,,S,0
3,Passenger_391,female,20.671584254850444,0,0,TICKET_391,6.002201341825596,,S,1
2,Passenger_392,male,32.52180810094002,0,0,TICKET_392,10.395746927508668,,S,1
2,Passenger_393,male,18.9341765073783,0,0,TICKET_393,13.286317661669145,,C,1
3,Passenger_394,male,10.559673587299766,1,0,TICKET_394,2.013216649924604,C394,S,1
2,Passenger_395,male,20.82934818187336,0,1,TICKET_395,4.78456709053935,C395,S,1
3,Passenger_396,male,29.162966442798027,5,0,TICKET_396,61.63854903883662,,S,0
3,Passenger_397,male,23.47511774449973,0,0,TICKET_397,35.28399375138885,,C,0
2,Passenger_398,male,,0,0,TICKET_398,11.300336535837209,C398,S,1
3,Passenger_399,male,9.308396776758407,0,0,TICKET_399,16.309506362201738,,S,1
3,Passenger_400,male,28.494969196883925,0,0,TICKET_400,8.558363510837884,,S,0
1,Passenger_401,male,7.881554576550467,0,0,TICKET_401,62.04749021158995,,S,1
3,Passenger_402,male,40.72081147349924,0,0,TICKET_402,9.579035483040535,C402,C,1
3,Passenger_403,female,30.895376417550295,0,0,TICKET_403,16.090201923647616,,Q,0
3,Passenger_404,female,8.565503257758508,0,1,TICKET_404,48.194079085945035,,S,1
2,Passenger_405,male,25.21646838277698,1,0,TICKET_405,4.7929889665622545,C405,S,0
3,Passenger_406,male,18.793732118936543,0,0,TICKET_406,79.08688208570801,C406,S,1
2,Passenger_407,male,34.32803040107812,1,2,TICKET_407,1.9414717283126466,C407,S,1
1,Passenger_408,male,,0,0,TICKET_408,86.10526482309358,,S,1
3,Passenger_409,female,2.5099991901367034,0,0,TICKET_409,7.789598353085716,,C,1
1,Passenger_410,male,31.367878147637548,0,0,TICKET_410,9.10443359037949,,S,1
2,Passenger_411,female,,0,0,TICKET_411,1.2611043364268955,,S,0
3,Passenger_412,male,39.434431108531754,0,0,TICKET_412,7.058597230128293,,S,1
3,Passenger_413,male,32.791351109446495,1,0,TICKET_413,3.498142672936829,,S,0
3,Passenger_414,female,,1,0,TICKET_414,5.875695203568811,C414,S,1
3,Passenger_415,female,25.073717932834036,0,0,TICKET_415,10.33180334072129,,C,1
2,Passenger_416,female,18.157625076349408,0,0,TICKET_416,38.449663233913604,,S,1
2,Passenger_417,female,45.302103509679675,1,0,TICKET_417,15.628935277642649,,C,1
2,Passenger_418,male,,0,0,TICKET_418,17.62312542332153,,S,1
3,Passenger_419,female,57.26726494341861,1,1,TICKET_419,3.2719192305147824,,Q,1
3,Passenger_420,male,28.820418199688,1,0,TICKET_420,4.233779498022937,,S,0
3,Passenger_421,female,,1,0,TICKET_421,105.47458485239537,,S,1
3,Passenger_422,male,7.751141307114004,0,0,TICKET_422,5.041777801527886,,S,1
1,Passenger_423,female,,0,0,TICKET_423,88.89446703164474,,Q,1
3,Passenger_424,male,6.730028826420398,0,0,TICKET_424,9.10047455753688,,S,0
1,Passenger_425,male,33.573336439666505,0,0,TICKET_425,12.215987239855613,C425,S,1
3,Passenger_426,male,,1,2,TICKET_426,44.010937927037084,,S,0
2,Passenger_427,female,6.772734820534065,0,1,TICKET_427,56.051499739164676,,C,1
3,Passenger_428,male,42.67805555410367,0,0,TICKET_428,10.665614062963494,C428,S,1
2,Passenger_429,male,22.695614750590128,1,0,TICKET_429,7.645431927126507,,S,0
1,Passenger_430,male,,1,0,TICKET_430,11.391818949564339,C430,Q,0
1,Passenger_431,male,53.077199109703656,1,0,TICKET_431,18.275274643199033,C431,S,0
3,Passenger_432,female,42.70417008005021,1,0,TICKET_432,35.50112635343119,,S,1
3,Passenger_433,male,,0,0,TICKET_433,12.244487439789337,C433,S,1
1,Passenger_434,female,16.77771273147833,0,0,TICKET_434,25.601822942143617,,S,1
1,Passenger_435,male,-1.5013233192749205,1,0,TICKET_435,87.01075039028322,,S,0
3,Passenger_436,male,19.272276870984907,0,0,TICKET_436,19.251164159391333,,S,0
1,Passenger_437,female,26.63861153699843,0,2,TICKET_437,17.707414093336237,,S,1
3,Passenger_438,female,15.385896856307832,0,0,TICKET_438,1.9685692500761331,C438,S,1
3,Passenger_439,male,27.796773977161582,0,0,TICKET_439,0.5184684176324129,,S,1
1,Passenger_440,male,30.814352302902137,1,0,TICKET_440,19.415095364628478,,S,1
1,Passenger_441,female,26.43958826378286,0,1,TICKET_441,10.872220112544762,,C,0
3,Passenger_442,male,,0,0,TICKET_442,6.568337721792344,,S,0
2,Passenger_443,female,32.14549274351755,0,0,TICKET_443,16.31746889065681,,S,1
2,Passenger_444,female,36.10813941875643,0,0,TICKET_444,11.330696249028604,,Q,1
3,Passenger_445,female,13.889213377078732,0,0,TICKET_445,47.150108052892946,C445,Q,0
3,Passenger_446,male,,0,0,TICKET_446,13.508688106771427,,S,0
3,Passenger_447,female,,1,0,TICKET_447,4.9713531066635985,C447,S,1
3,Passenger_448,male,,0,0,TICKET_448,39.97281055050516,,S,0
2,Passenger_449,male,39.96910913722008,0,2,TICKET_449,9.388097936838262,,S,0
1,Passenger_450,male,33.08163390332077,0,0,TICKET_450,22.91619854188584,,C,1
3,Passenger_451,male,,1,0,TICKET_451,6.869608739459167,,S,0
3,Passenger_452,female,33.86330039542645,0,0,TICKET_452,5.585688700224657,,S,1
2,Passenger_453,female,20.81965806771365,1,2,TICKET_453,13.477233793420305,C453,S,0
3,Passenger_454,female,34.941801115488474,0,0,TICKET_454,12.371486788283745,,Q,0
1,Passenger_455,male,13.115969993850403,1,0,TICKET_455,21.667044996244265,C455,S,1
3,Passenger_456,male,31.274115733759587,0,0,TICKET_456,8.825322058445407,,Q,1
1,Passenger_457,male,29.21816513565532,1,0,TICKET_457,1.3449653618832444,,S,0
3,Passenger_458,female,26.682305569548173,0,0,TICKET_458,7.247606958526423,,S,1
1,Passenger_459,male,,2,0,TICKET_459,31.581836485506617,C459,S,1
1,Passenger_460,female,2.4131888402842314,0,6,TICKET_460,8.526242027290499,,Q,1
1,Passenger_461,male,,0,0,TICKET_461,9.064266424395493,C461,S,0
3,Passenger_462,male,31.046251066546162,0,0,TICKET_462,39.79143973362188,C462,S,0
3,Passenger_463,female,32.0179176839623,0,0,TICKET_463,5.184286000041618,,S,0
3,Passenger_464,male,14.798710456573607,1,0,TICKET_464,1.9129300766331634,,S,0
3,Passenger_465,female,48.052763692538164,0,1,TICKET_465,10.046684268835586,,S,1
2,Passenger_466,female,,0,0,TICKET_466,6.8140813546219725,,S,1
2,Passenger_467,male,43.757129407637684,0,0,TICKET_467,3.8209703790783345,C467,S,0
3,Passenger_468,male,35.89431824713943,0,0,TICKET_468,9.870454025272288,,S,0
1,Passenger_469,male,20.329704007264855,1,0,TICKET_469,21.97283190238114,,C,1
3,Passenger_470,female,55.442007942837925,1,0,TICKET_470,12.047458515544514,C470,S,1
1,Passenger_471,male,12.39226593953104,1,0,TICKET_471,17.608421593379195,,S,1
3,Passenger_472,male,,0,1,TICKET_472,107.34943253799038,,C,0
1,Passenger_473,male,44.20844361162318,0,2,TICKET_473,8.073163122409772,,S,1
3,Passenger_474,female,19.97600696838865,1,0,TICKET_474,17.013690807726245,,S,0
3,Passenger_475,male,,0,2,TICKET_475,6.6123820849452555,,S,0
3,Passenger_476,female,26.074325538315183,0,0,TICKET_476,4.412177519263387,C476,S,1
1,Passenger_477,female,33.88605762455793,0,0,TICKET_477,6.038229355455469,,C,1
3,Passenger_478,male,33.4746666621827,0,0,TICKET_478,6.858506551500546,,S,0
3,Passenger_479,male,27.752523248677058,0,0,TICKET_479,18.75332288140876,,C,0
3,Passenger_480,female,41.45671996081684,1,0,TICKET_480,204.15733448085697,,S,0
3,Passenger_481,male,41.20558644800709,0,0,TICKET_481,5.159026384258692,,C,0
3,Passenger_482,female,4.3462863880463765,0,0,TICKET_482,7.389422850985314,C482,Q,1
3,Passenger_483,male,48.61293352173321,0,0,TICKET_483,11.293782852528645,,S,0
3,Passenger_484,male,5.59386617348272,0,0,TICKET_484,19.588812617427966,,S,1
3,Passenger_485,female,44.67191996295403,0,0,TICKET_485,16.714238723864057,,S,1
3,Passenger_486,male,46.03722448399996,1,0,TICKET_486,56.878360016410625,,S,1
1,Passenger_487,male,13.880986761879624,1,0,TICKET_487,0.6625425580345499,,C,1
2,Passenger_488,male,23.74319282465852,0,0,TICKET_488,0.6946717520219161,,Q,0
3,Passenger_489,male,13.667282306953933,1,0,TICKET_489,6.719046090145141,,S,1
3,Passenger_490,male,26.58364506081334,5,1,TICKET_490,45.4567000250909,,C,1
3,Passenger_491,male,25.23350287930675,1,0,TICKET_491,1.861201714324058,,S,0
3,Passenger_492,female,41.00507771790543,1,0,TICKET_492,0.32983630018930316,,S,1
2,Passenger_493,male,48.699476818734325,0,1,TICKET_493,24.177326862014198,C493,S,1
1,Passenger_494,female,49.93741525645436,0,0,TICKET_494,16.31995624462573,,S,1
3,Passenger_495,male,,0,0,TICKET_495,3.292838345482151,,S,0
2,Passenger_496,female,26.666282830704347,0,0,TICKET_496,3.7335236989938783,,S,1
3,Passenger_497,male,5.29014621279622,8,2,TICKET_497,3.8049678293356415,,Q,0
1,Passenger_498,female,18.014884035805263,0,0,TICKET_498,13.910478164932691,,C,1
3,Passenger_499,male,43.690348679913136,1,0,TICKET_499,5.74552716975718,,S,1
3,Passenger_500,male,53.12595094144936,1,0,TICKET_500,22.04039051888914,,S,0
3,Passenger_501,male,11.801941357741129,1,0,TICKET_501,0.3963125959221485,,S,1
3,Passenger_502,male,21.109268242283033,5,0,TICKET_502,4.356973922175332,,S,0
2,Passenger_503,male,29.317116524095557,0,0,TICKET_503,3.154201100296872,,C,0
3,Passenger_504,male,33.7623368028843,0,0,TICKET_504,8.9566044359066,,S,0
3,Passenger_505,female,17.96074896113613,0,2,TICKET_505,6.387498302726571,,S,0
1,Passenger_506,male,,0,0,TICKET_506,31.734757644427127,,C,0
3,Passenger_507,male,22.829329467471716,0,0,TICKET_507,1.3083880377798118,,S,0
3,Passenger_508,male,29.49044207226495,0,1,TICKET_508,12.866020567708174,,C,0
3,Passenger_509,female,37.62112159605364,1,0,TICKET_509,23.80757263126954,,S,0
3,Passenger_510,male,,0,0,TICKET_510,113.06658849519395,C510,S,1
3,Passenger_511,male,23.372404587364755,0,0,TICKET_511,6.833799636855221,,S,0
2,Passenger_512,male,28.11065784307545,0,1,TICKET_512,17.981623598609513,,S,0
3,Passenger_513,female,28.418737091522637,0,1,TICKET_513,1.3984502356339321,,S,0
3,Passenger_514,female,24.33484006670915,0,0,TICKET_514,0.6904943800137908,C514,S,0
1,Passenger_515,male,25.947457091327014,1,2,TICKET_515,33.5732376451071,,S,1
1,Passenger_516,female,52.8803839723184,0,0,TICKET_516,12.101478650077397,,S,1
2,Passenger_517,female,37.83333199514796,1,1,TICKET_517,50.10973135031035,,S,1
3,Passenger_518,male,,0,3,TICKET_518,2.344135162503278,,C,0
3,Passenger_519,female,39.80583886540567,1,0,TICKET_519,22.734476649905165,,S,0
1,Passenger_520,male,24.859617398537857,0,0,TICKET_520,114.72998472273463,,S,0
3,Passenger_521,male,46.7103072450063,0,0,TICKET_521,20.15891717148445,C521,C,0
2,Passenger_522,male,35.05981178687236,0,0,TICKET_522,16.977650569080485,C522,S,0
3,Passenger_523,male,28.14411891193868,1,0,TICKET_523,12.308219570886669,,S,1
3,Passenger_524,male,36.191895424249026,0,0,TICKET_524,1.849549787653826,,C,0
3,Passenger_525,female,6.922295795006761,0,2,TICKET_525,61.972300733392665,C525,S,1
3,Passenger_526,male,13.361871700807821,4,0,TICKET_526,5.853096469501072,,S,1
2,Passenger_527,male,12.388087407213696,1,0,TICKET_527,22.31769602859147,,S,1
2,Passenger_528,male,31.772674874073747,0,1,TICKET_528,1.8670484820544953,,Q,0
1,Passenger_529,female,54.82146749253383,1,2,TICKET_529,2.9583994702687666,,S,1
3,Passenger_530,male,62.05385211979316,0,0,TICKET_530,68.17683736384936,,S,0
3,Passenger_531,male,38.95174097089098,0,3,TICKET_531,8.030423395255823,,S,0
3,Passenger_532,male,36.96224488669463,0,0,TICKET_532,69.6812012034438,,C,0
3,Passenger_533,male,3.584662854785286,2,1,TICKET_533,11.090880667107053,,C,0
3,Passenger_534,female,21.831229903856684,2,0,TICKET_534,1.3360569112531777,,S,1
3,Passenger_535,female,18.277135597330535,0,0,TICKET_535,35.533684994772884,,S,1
3,Passenger_536,male,20.697709825358817,0,0,TICKET_536,6.00221890698585,C536,Q,0
3,Passenger_537,female,27.26191463052055,0,0,TICKET_537,28.17476097261461,,Q,1
2,Passenger_538,male,,5,0,TICKET_538,12.556683090951331,,S,1
3,Passenger_539,female,1.0001527495510771,3,0,TICKET_539,1.9122071034525052,C539,C,1
1,Passenger_540,male,40.544698713704236,0,0,TICKET_540,14.837440034496927,C540,S,0
3,Passenger_541,male,14.145226126772805,1,2,TICKET_541,169.9437959935288,,C,0
3,Passenger_542,male,33.169079529611665,1,0,TICKET_542,22.011911754505572,,Q,1
1,Passenger_543,female,59.77419871137461,0,0,TICKET_543,11.370004418735325,,S,1
3,Passenger_544,male,16.36892342199686,0,0,TICKET_544,44.27464131548247,C544,S,1
3,Passenger_545,male,-6.989169079821782,0,0,TICKET_545,15.686526485163085,C545,S,0
2,Passenger_546,male,25.552938782738394,0,1,TICKET_546,15.665190360845537,C546,S,1
1,Passenger_547,female,45.66391470747928,0,1,TICKET_547,3.287244886437382,,S,1
3,Passenger_548,male,58.09603808619861,0,0,TICKET_548,16.128979629287034,,S,0
3,Passenger_549,female,11.871530880439956,2,0,TICKET_549,42.204721543498174,,C,1
3,Passenger_550,female,36.902138736929565,0,1,TICKET_550,4.467037411772984,,S,1
3,Passenger_551,male,22.952998376689226,0,0,TICKET_551,67.3158004518089,,S,1
3,Passenger_552,female,28.163748862590033,1,1,TICKET_552,10.912978522090139,,S,1
3,Passenger_553,male,68.04297853174701,1,0,TICKET_553,4.198287005053194,,C,1
3,Passenger_554,female,7.906930238270277,0,1,TICKET_554,40.332536168029556,,S,1
3,Passenger_555,male,33.379225091671316,0,0,TICKET_555,8.635200381950757,,S,0
2,Passenger_556,female,,0,0,TICKET_556,30.30818672556285,,S,1
1,Passenger_557,female,45.44390171162053,0,2,TICKET_557,8.583911035553314,,C,1
1,Passenger_558,female,31.12075572532798,0,0,TICKET_558,11.338552308543276,,C,0
3,Passenger_559,female,34.166732822809486,0,0,TICKET_559,22.027072063631906,,S,1
3,Passenger_560,male,24.02109577238403,1,0,TICKET_560,17.271823410169823,,Q,0
3,Passenger_561,male,33.60234064805405,0,0,TICKET_561,1.1111126086677732,C561,S,1
1,Passenger_562,female,24.723712005287545,0,0,TICKET_562,3.1724606335810726,,S,1
1,Passenger_563,male,38.71279240291274,1,0,TICKET_563,37.16219502439914,,S,1
1,Passenger_564,male,24.340650127367308,0,0,TICKET_564,10.396155697264298,,S,1
2,Passenger_565,female,35.167955711581705,0,0,TICKET_565,6.498181942826284,,S,1
3,Passenger_566,female,29.275689201567815,1,1,TICKET_566,2.3862215695116142,C566,S,1
2,Passenger_567,female,46.027728636196436,0,0,TICKET_567,3.3344788972792445,,C,1
2,Passenger_568,male,28.95479100796695,1,0,TICKET_568,1.0766362873078823,C568,C,0
3,Passenger_569,female,3.9910292110002175,1,0,TICKET_569,10.78830996829697,,S,1
2,Passenger_570,male,47.997861760352876,1,0,TICKET_570,5.940984754992578,C570,C,0
3,Passenger_571,female,16.566881637492024,2,0,TICKET_571,3.8194045397355993,,S,0
3,Passenger_572,male,20.220388089592113,0,0,TICKET_572,11.226217486530574,C572,C,0
2,Passenger_573,female,21.062911236369363,0,0,TICKET_573,18.854747840817108,,S,1
3,Passenger_574,female,49.62935235097685,0,0,TICKET_574,150.18044212759662,,S,1
3,Passenger_575,male,-1.2672761026910848,0,0,TICKET_575,1.9852401645617528,,S,0
3,Passenger_576,female,75.1973537380699,0,0,TICKET_576,48.972418504206146,C576,C,1
1,Passenger_577,male,45.01282373145775,0,0,TICKET_577,39.16258682100023,,S,1
3,Passenger_578,female,32.93696425487281,2,0,TICKET_578,4.783099238951695,,Q,0
3,Passenger_579,female,28.904036991063847,0,0,TICKET_579,15.547240226880428,C579,S,1
2,Passenger_580,male,,0,0,TICKET_580,7.034594867623415,,C,0
3,Passenger_581,female,37.25627521150041,0,1,TICKET_581,15.223287023623223,,S,1
3,Passenger_582,female,39.05562599627582,0,0,TICKET_582,74.51177868817204,,S,1
3,Passenger_583,male,37.756264757050005,0,0,TICKET_583,25.197063983981785,,S,0
2,Passenger_584,male,,0,0,TICKET_584,22.428445640235633,C584,S,1
3,Passenger_585,female,26.83859290554377,0,0,TICKET_585,7.269073312246682,,C,1
2,Passenger_586,female,27.50653738702408,0,0,TICKET_586,2.0526507406144954,,S,0
1,Passenger_587,female,26.873829934886125,1,0,TICKET_587,9.48620034545023,C587,S,1
1,Passenger_588,female,46.13966640457244,1,1,TICKET_588,51.82796071802578,,S,1
1,Passenger_589,male,,0,0,TICKET_589,1.949160119981045,,S,0
1,Passenger_590,female,-12.935635202632067,0,2,TICKET_590,3.4345735111629705,,C,1
1,Passenger_591,male,39.21056125968153,1,0,TICKET_591,14.175587337233402,,S,0
3,Passenger_592,male,32.52367482342223,1,0,TICKET_592,3.737489981519398,,C,0
1,Passenger_593,male,,0,0,TICKET_593,4.706628637258435,C593,S,1
2,Passenger_594,male,24.066482430211153,1,0,TICKET_594,7.327846659938699,,S,1
3,Passenger_595,male,45.99963443979719,0,0,TICKET_595,2.366138058745155,,S,0
3,Passenger_596,male,43.43913370078144,1,0,TICKET_596,3.7850298927268713,,Q,1
3,Passenger_597,female,,5,0,TICKET_597,28.335445161171382,,S,1
1,Passenger_598,male,35.602258163305756,0,2,TICKET_598,2.537441427449173,C598,S,1
1,Passenger_599,male,15.610977349151353,1,1,TICKET_599,1.7906047977190749,C599,S,1
1,Passenger_600,male,,0,0,TICKET_600,5.720006973643039,,C,0
1,Passenger_601,male,,3,0,TICKET_601,29.322249692429274,C601,Q,0
2,Passenger_602,male,42.204705349550004,0,0,TICKET_602,9.618552931132355,,Q,0
1,Passenger_603,male,43.520313157953254,1,0,TICKET_603,6.976188491656825,,S,1
1,Passenger_604,male,37.13973859141075,0,0,TICKET_604,12.848544764363291,,C,0
1,Passenger_605,female,,0,0,TICKET_605,1.4995290326426107,,S,1
3,Passenger_606,male,37.18458516316689,0,0,TICKET_606,22.057369958537404,,Q,0
1,Passenger_607,male,20.39851686926719,3,0,TICKET_607,19.300326978998985,,S,1
2,Passenger_608,male,,1,3,TICKET_608,7.4545891131077235,,S,1
3,Passenger_609,female,41.305938115801396,1,0,TICKET_609,40.73588560453938,,S,1
3,Passenger_610,male,40.63722428229683,2,2,TICKET_610,3.148747268686233,,S,0
1,Passenger_611,male,46.93924388638232,0,0,TICKET_611,47.15739288971402,,Q,1
3,Passenger_612,male,39.970405784415426,0,0,TICKET_612,14.663954368297023,,C,0
3,Passenger_613,male,,0,0,TICKET_613,8.134683973389302,C613,Q,0
1,Passenger_614,male,45.2171784555882,0,0,TICKET_614,11.895398415460123,,S,0
3,Passenger_615,male,29.315441740888627,0,0,TICKET_615,10.711118145599114,,S,0
3,Passenger_616,male,,0,0,TICKET_616,52.685457868872696,,S,0
1,Passenger_617,male,27.33552902281542,0,0,TICKET_617,3.346734341767801,C617,S,1
2,Passenger_618,male,18.898911650306488,0,0,TICKET_618,4.879178731730522,C618,S,0
3,Passenger_619,female,19.909915012871465,0,0,TICKET_619,42.24827271519905,,S,0
3,Passenger_620,female,27.604479274624993,0,0,TICKET_620,5.961714322849562,,S,1
1,Passenger_621,female,18.209911145500563,3,0,TICKET_621,35.896496234193265,C621,Q,1
1,Passenger_622,female,25.234557820233917,1,0,TICKET_622,93.62740973001388,,S,1
2,Passenger_623,male,,2,0,TICKET_623,7.522104613859357,,S,0
3,Passenger_624,male,32.79275875690761,0,0,TICKET_624,27.595005380995225,,S,0
3,Passenger_625,male,,0,2,TICKET_625,3.051304677874255,,S,0
2,Passenger_626,male,,1,0,TICKET_626,30.134779133751053,,S,0
3,Passenger_627,female,39.25906219226987,0,0,TICKET_627,15.476283930652974,,C,1
3,Passenger_628,male,43.29476699558509,0,0,TICKET_628,21.491251354815716,,S,0
1,Passenger_629,female,6.390381966649873,0,0,TICKET_629,5.614280906986147,C629,S,1
2,Passenger_630,male,18.64049071078989,0,0,TICKET_630,1.659804627756547,,C,1
3,Passenger_631,female,18.547435928084177,0,0,TICKET_631,22.28474754137028,C631,S,1
3,Passenger_632,male,16.07140503392146,0,0,TICKET_632,1.0242045033951181,,S,1
3,Passenger_633,male,41.727385208010354,0,1,TICKET_633,8.324303838017622,,S,0
3,Passenger_634,male,,0,0,TICKET_634,37.69088317844268,,Q,0
1,Passenger_635,male,25.864534800996143,0,0,TICKET_635,15.33713915904505,C635,S,0
2,Passenger_636,male,0.6439957161020722,1,0,TICKET_636,126.2180761178844,,S,1
3,Passenger_637,male,38.91356143803378,0,2,TICKET_637,41.684567780294756,,S,0
2,Passenger_638,female,11.730753274624647,0,0,TICKET_638,5.558464683169553,C638,S,1
2,Passenger_639,male,30.56902313886176,1,0,TICKET_639,12.588403786963124,,S,0
2,Passenger_640,male,33.72196560039378,0,0,TICKET_640,11.509297154250447,C640,S,0
1,Passenger_641,male,49.429549639660436,0,1,TICKET_641,1.8246494456064635,,S,1
2,Passenger_642,female,10.722104212772873,0,4,TICKET_642,3.9413421015526247,C642,S,1
1,Passenger_643,male,,0,0,TICKET_643,6.215753220740412,,S,0
2,Passenger_644,male,32.365818398928575,0,1,TICKET_644,1.0581640695189394,,C,1
1,Passenger_645,male,55.80741213190738,1,1,TICKET_645,12.896966928519596,,S,0
3,Passenger_646,male,,0,0,TICKET_646,9.035071036811717,,S,0
3,Passenger_647,female,,0,0,TICKET_647,1.6364468202878497,,S,1
3,Passenger_648,male,22.571275308335313,0,0,TICKET_648,19.7875991974728,,C,0
3,Passenger_649,male,41.403277651241,0,3,TICKET_649,28.761776294778656,,S,1
3,Passenger_650,female,15.583580104285204,0,0,TICKET_650,15.997642612051363,,C,1
1,Passenger_651,male,36.60718765566518,0,1,TICKET_651,8.257469541990202,,C,0
3,Passenger_652,male,37.02931730791609,0,0,TICKET_652,24.772411194494968,,S,0
3,Passenger_653,male,45.07304365873375,0,0,TICKET_653,27.557216206519136,C653,S,0
3,Passenger_654,female,69.71507056421062,0,0,TICKET_654,17.617351263907842,,S,0
2,Passenger_655,male,,0,0,TICKET_655,4.528837569893971,,C,0
1,Passenger_656,female,22.320027427241268,1,1,TICKET_656,16.97804295944769,,S,1
2,Passenger_657,male,29.32917247321608,0,1,TICKET_657,51.14050174352343,,C,1
2,Passenger_658,male,4.048399379107785,0,1,TICKET_658,5.953892037527547,,S,0
3,Passenger_659,male,19.626659599208658,0,0,TICKET_659,151.03735751211897,,S,0
3,Passenger_660,female,23.765404647359993,1,0,TICKET_660,6.483385834419973,,S,1
2,Passenger_661,male,22.10071822994841,0,0,TICKET_661,12.665584282280172,C661,S,0
3,Passenger_662,female,31.90914564448897,0,0,TICKET_662,5.435857516172387,,C,1
3,Passenger_663,female,17.774910980458092,1,0,TICKET_663,15.925554225857853,,S,1
1,Passenger_664,male,45.95494467620483,1,0,TICKET_664,1.5058145316481375,,S,1
1,Passenger_665,male,29.703002441313856,0,0,TICKET_665,6.326516959931556,,S,1
1,Passenger_666,male,29.56514534349009,0,5,TICKET_666,3.2852887893075113,C666,S,0
2,Passenger_667,male,24.94552661056269,1,0,TICKET_667,14.330727633260343,,C,0
1,Passenger_668,female,31.950264915955195,3,0,TICKET_668,40.17869381860762,,S,1
1,Passenger_669,female,41.6639248376807,1,0,TICKET_669,26.448711023275504,,S,1
2,Passenger_670,male,,0,0,TICKET_670,0.7075186898739662,,Q,1
1,Passenger_671,male,20.15731090840878,0,0,TICKET_671,141.24325031629868,,C,0
3,Passenger_672,female,,0,2,TICKET_672,17.36290317346973,C672,C,1
1,Passenger_673,male,10.184871609638382,1,1,TICKET_673,4.798008957830685,C673,S,1
3,Passenger_674,female,,0,2,TICKET_674,14.710381996825628,C674,S,1
2,Passenger_675,male,22.794797333602443,0,4,TICKET_675,15.050749445575082,C675,Q,0
3,Passenger_676,female,42.378643120334544,1,0,TICKET_676,5.472751681920932,,C,0
1,Passenger_677,male,33.50713927052791,0,0,TICKET_677,15.448316002642729,,S,0
2,Passenger_678,male,32.50705371482939,1,0,TICKET_678,5.87692258411191,C678,S,1
3,Passenger_679,male,42.0380204514356,0,0,TICKET_679,7.498969482527045,C679,S,0
3,Passenger_680,male,,0,0,TICKET_680,5.346622414220192,C680,S,0
3,Passenger_681,male,35.361740323968895,0,0,TICKET_681,2.183206029789335,,Q,1
2,Passenger_682,female,,1,0,TICKET_682,14.512404467929402,,S,1
1,Passenger_683,female,33.547754066294615,0,0,TICKET_683,24.590478712734775,C683,S,1
3,Passenger_684,male,21.24999946463206,0,0,TICKET_684,22.59797533440023,,C,0
3,Passenger_685,male,-5.66284879500822,2,0,TICKET_685,32.58689791574006,C685,S,1
3,Passenger_686,male,,0,0,TICKET_686,17.979069073179648,,S,1
3,Passenger_687,male,50.329847973449134,0,0,TICKET_687,6.428423967992978,,S,1
2,Passenger_688,male,,0,0,TICKET_688,33.36797598915605,,Q,1
3,Passenger_689,male,,0,0,TICKET_689,2.389248669249109,C689,S,0
1,Passenger_690,male,47.62389546619016,0,0,TICKET_690,4.133788674186562,,S,0
2,Passenger_691,male,30.98553506894084,0,0,TICKET_691,3.830364292835155,,S,1
2,Passenger_692,male,32.561077757381135,0,1,TICKET_692,44.525732076782475,C692,S,1
3,Passenger_693,male,20.744047516201924,0,0,TICKET_693,37.76362043963755,,C,0
2,Passenger_694,female,25.11694358760778,0,0,TICKET_694,21.86235667230881,C694,C,1
1,Passenger_695,male,38.62868167168155,0,0,TICKET_695,44.09365251769241,,S,1
3,Passenger_696,female,47.15632433894783,0,0,TICKET_696,4.241261129009268,C696,Q,1
2,Passenger_697,male,27.678029002625507,0,1,TICKET_697,18.510055849340485,,S,0
3,Passenger_698,male,23.17225565965453,0,0,TICKET_698,10.48337517724204,C698,S,1
1,Passenger_699,female,29.70765540342066,0,0,TICKET_699,33.658261031289825,C699,S,1
3,Passenger_700,female,38.417497859472164,0,0,TICKET_700,10.609299426914975,,S,1
3,Passenger_701,female,8.764105166063644,1,0,TICKET_701,7.67576938389692,,S,1
1,Passenger_702,male,-3.5946238204899537,0,0,TICKET_702,23.314843603805404,,C,1
2,Passenger_703,male,21.717215682372036,2,0,TICKET_703,34.86219487343537,,S,1
1,Passenger_704,female,11.999669824244698,2,0,TICKET_704,5.462932678610725,C704,S,1
1,Passenger_705,male,22.33196713411399,0,0,TICKET_705,11.321563644519964,,S,0
3,Passenger_706,male,,0,0,TICKET_706,3.420789045868246,,S,0
2,Passenger_707,male,,0,0,TICKET_707,0.6079435656421326,,S,1
3,Passenger_708,male,50.7607792498258,1,0,TICKET_708,15.495529418291667,C708,Q,0
2,Passenger_709,female,34.43779908673364,0,0,TICKET_709,25.29701557987056,C709,Q,1
3,Passenger_710,male,34.05687821435701,0,0,TICKET_710,16.684500436900557,,C,0
3,Passenger_711,male,38.72200358862933,0,0,TICKET_711,1.1741282280993508,,S,0
3,Passenger_712,male,,1,0,TICKET_712,7.9963139872562055,,Q,0
3,Passenger_713,male,44.76712091759389,1,2,TICKET_713,0.8504264817774113,,,0
2,Passenger_714,male,28.60141784523583,0,0,TICKET_714,63.03192406171643,,Q,0
2,Passenger_715,male,39.42196894999758,0,0,TICKET_715,3.309292768515574,,C,0
3,Passenger_716,male,14.158070120917746,0,0,TICKET_716,54.95333284616678,,S,1
3,Passenger_717,female,7.170497892767067,0,0,TICKET_717,37.90350440861221,,C,1
3,Passenger_718,male,41.55940004136291,1,0,TICKET_718,4.134190646687885,,C,0
1,Passenger_719,male,35.15793812841399,0,0,TICKET_719,3.1288266387777344,,S,0
3,Passenger_720,female,16.6202524618161,0,0,TICKET_720,18.54952643586343,,S,0
3,Passenger_721,female,17.08988532151693,0,2,TICKET_721,4.422968846683229,,S,0
1,Passenger_722,male,46.01880437401415,1,0,TICKET_722,13.776738728938252,,S,0
1,Passenger_723,male,12.453527553423747,1,0,TICKET_723,6.825099304204039,,Q,0
3,Passenger_724,male,,0,1,TICKET_724,1.4370751506622392,,S,0
3,Passenger_725,female,16.640999347605902,1,0,TICKET_725,0.8381471284657209,,C,1
3,Passenger_726,female,,0,2,TICKET_726,15.990920592348598,C726,S,1
1,Passenger_727,female,24.93503210163972,0,0,TICKET_727,6.209812513353594,,S,0
3,Passenger_728,male,38.446217750693975,0,1,TICKET_728,6.273235308334503,,Q,0
1,Passenger_729,female,21.810346969344206,0,0,TICKET_729,28.079411105533737,,S,1
1,Passenger_730,male,27.339502861951733,0,0,TICKET_730,49.805764580443345,,S,0
1,Passenger_731,male,30.293328043237956,2,2,TICKET_731,8.784126926191592,,S,0
3,Passenger_732,male,15.168281891168645,0,0,TICKET_732,8.09528304321172,,S,0
3,Passenger_733,female,40.441953008591824,0,0,TICKET_733,22.201761658950726,,S,0
3,Passenger_734,male,22.258403286162014,0,0,TICKET_734,2.3909178176838117,,Q,0
2,Passenger_735,female,26.38530122756973,0,0,TICKET_735,15.923303508376344,,Q,1
3,Passenger_736,male,15.281934068176572,1,0,TICKET_736,23.624000513703017,,S,0
2,Passenger_737,male,,0,0,TICKET_737,27.55754186664853,,S,1
3,Passenger_738,male,26.930097442297548,0,0,TICKET_738,1.1923149541196032,,S,0
2,Passenger_739,male,64.68292361338727,1,0,TICKET_739,4.8859985507819435,,S,0
2,Passenger_740,female,41.07676217452135,0,0,TICKET_740,4.246453213908558,C740,S,1
3,Passenger_741,male,29.420724493851278,0,0,TICKET_741,13.7338603958709,,S,1
2,Passenger_742,female,,0,0,TICKET_742,21.690914705734723,,S,0
3,Passenger_743,female,,0,0,TICKET_743,73.40943641982811,C743,S,0
3,Passenger_744,female,37.63322717004054,8,0,TICKET_744,6.726409022112057,,S,1
1,Passenger_745,male,12.57821417802175,1,0,TICKET_745,6.705398860768056,,S,1
3,Passenger_746,male,,0,0,TICKET_746,48.405160147358465,,S,1
2,Passenger_747,male,40.07302907389804,1,0,TICKET_747,17.3899477930407,C747,C,0
3,Passenger_748,female,40.11369302276505,0,0,TICKET_748,55.76697305520188,C748,S,1
3,Passenger_749,female,,0,1,TICKET_749,17.22692563374373,,S,1
3,Passenger_750,male,29.98444153656285,0,0,TICKET_750,3.0387919681496602,,S,1
1,Passenger_751,female,,0,0,TICKET_751,2.4602081846416253,,S,1
3,Passenger_752,male,38.28130493924998,0,0,TICKET_752,1.89304245838782,,S,0
3,Passenger_753,male,24.566409691355155,0,1,TICKET_753,26.96290956334793,,C,1
2,Passenger_754,male,21.382774292994938,2,2,TICKET_754,50.71979091105725,,S,0
1,Passenger_755,female,31.176916281298805,0,0,TICKET_755,112.08242853483038,,S,1
3,Passenger_756,male,52.16079219668022,0,0,TICKET_756,33.50606270709213,C756,S,1
3,Passenger_757,female,11.732947403018436,0,1,TICKET_757,49.17602918288008,,C,0
3,Passenger_758,female,8.420883646589619,0,0,TICKET_758,6.073775473832259,,S,1
3,Passenger_759,female,,0,0,TICKET_759,3.0413485526697714,,S,1
3,Passenger_760,male,,0,0,TICKET_760,33.78764485740852,C760,S,0
1,Passenger_761,male,32.21345413337092,1,0,TICKET_761,20.10999394493461,,S,1
2,Passenger_762,male,33.23732136967325,0,2,TICKET_762,13.85897793818598,,S,0
2,Passenger_763,male,,0,5,TICKET_763,19.3917123581284,,S,1
3,Passenger_764,male,51.30301985973019,0,0,TICKET_764,17.95417321412155,,S,1
1,Passenger_765,female,6.486892312090525,0,0,TICKET_765,56.8593248257054,C765,S,1
3,Passenger_766,male,,0,1,TICKET_766,57.6265098214901,,C,1
3,Passenger_767,male,28.202805977838814,1,0,TICKET_767,23.407685832353707,,S,1
3,Passenger_768,male,5.873762238264575,0,0,TICKET_768,33.61469918590495,,S,0
2,Passenger_769,male,27.150111135734967,0,2,TICKET_769,22.57572158995309,,S,1
3,Passenger_770,male,,0,0,TICKET_770,7.004804855813454,C770,S,0
1,Passenger_771,male,30.002854080291446,0,0,TICKET_771,30.201077721780727,,C,1
3,Passenger_772,female,33.04516313292091,0,0,TICKET_772,2.2855482213115152,,C,1
1,Passenger_773,male,11.427610904997586,1,1,TICKET_773,43.14945826488632,,S,1
2,Passenger_774,female,20.762759583427574,0,0,TICKET_774,2.905404061241013,,Q,0
3,Passenger_775,female,24.259652485302915,1,0,TICKET_775,17.166570965377787,C775,S,0
1,Passenger_776,male,25.093131097034608,0,0,TICKET_776,4.418566180402829,,S,0
1,Passenger_777,female,48.283835027554645,1,0,TICKET_777,23.66664752782226,C777,S,1
3,Passenger_778,male,37.786520380514304,0,1,TICKET_778,11.69650090220751,,C,0
3,Passenger_779,female,13.583859624413037,0,0,TICKET_779,1.7973131408778522,,C,0
3,Passenger_780,male,33.27431928726407,0,0,TICKET_780,20.182977623204923,,S,0
3,Passenger_781,female,36.92421535320339,2,0,TICKET_781,6.089068216510495,,S,1
3,Passenger_782,female,46.23216105855836,0,3,TICKET_782,35.07105214467867,,S,0
2,Passenger_783,female,52.617839955241415,0,0,TICKET_783,12.201889618176633,,S,1
2,Passenger_784,female,14.981134218495903,0,2,TICKET_784,19.57993235832989,,S,1
1,Passenger_785,male,17.942566087450096,1,0,TICKET_785,3.8609653928524326,,S,1
3,Passenger_786,male,11.465121045738062,0,1,TICKET_786,6.006254375859236,,S,1
3,Passenger_787,male,26.30671204294877,1,1,TICKET_787,7.0261129989078235,,S,0
2,Passenger_788,male,36.46219642947185,0,0,TICKET_788,34.05725150488704,,C,0
3,Passenger_789,female,44.016350490541974,0,2,TICKET_789,91.18154374347033,,C,0
3,Passenger_790,male,28.59871015718342,0,0,TICKET_790,4.635730991995333,,S,0
1,Passenger_791,female,,2,0,TICKET_791,44.35465987016136,C791,S,1
3,Passenger_792,male,31.900490887606736,0,0,TICKET_792,0.901574228119479,,S,0
3,Passenger_793,female,17.590427926364665,2,0,TICKET_793,2.906567171531582,C793,Q,1
3,Passenger_794,male,59.998311464574215,0,0,TICKET_794,3.855365646975748,,S,0
1,Passenger_795,female,,0,0,TICKET_795,2.40365278169701,,C,1
3,Passenger_796,female,32.378738393988,0,0,TICKET_796,1.821561193935005,,S,1
3,Passenger_797,male,59.042290178829774,0,0,TICKET_797,19.99732859865284,,S,0
3,Passenger_798,male,29.798597746119967,1,0,TICKET_798,9.422672589437067,,S,0
3,Passenger_799,female,26.94443399247833,2,0,TICKET_799,19.20722436218443,,S,1
3,Passenger_800,male,24.517041369248805,1,0,TICKET_800,27.898340962394254,,S,0
3,Passenger_801,male,27.084320614445087,1,0,TICKET_801,16.75573171717783,,S,0
1,Passenger_802,male,,0,0,TICKET_802,26.824504355397444,,S,0
3,Passenger_803,male,-2.3719977142778497,0,0,TICKET_803,11.207254104115892,C803,S,0
3,Passenger_804,male,51.93478866879672,2,0,TICKET_804,2.9317746844833708,,S,0
2,Passenger_805,male,9.052621289472896,0,1,TICKET_805,43.353048208591076,,Q,1
3,Passenger_806,male,25.833541226100984,1,2,TICKET_806,6.0078409475198615,,C,0
3,Passenger_807,male,23.4759559056694,1,0,TICKET_807,3.964122192252044,,C,0
3,Passenger_808,female,38.23402241167544,0,0,TICKET_808,9.840421534659091,C808,Q,0
3,Passenger_809,male,,4,2,TICKET_809,4.074006433012289,,S,0
1,Passenger_810,female,,0,1,TICKET_810,7.382287438565945,C810,S,0
3,Passenger_811,male,59.05248953765936,0,0,TICKET_811,18.40946079061649,,S,0
3,Passenger_812,male,,0,2,TICKET_812,18.50442859768723,,S,1
1,Passenger_813,male,32.45073943035074,0,0,TICKET_813,4.1479072099541705,C813,S,0
3,Passenger_814,male,,0,0,TICKET_814,6.785266378729033,C814,S,0
3,Passenger_815,male,,0,0,TICKET_815,44.22099187876858,,S,0
3,Passenger_816,male,29.977642772528405,1,0,TICKET_816,22.102266090102432,C816,Q,0
3,Passenger_817,male,20.39843981885751,2,0,TICKET_817,146.9478919223417,,C,0
2,Passenger_818,male,36.77414813063057,0,0,TICKET_818,50.20696732942395,C818,S,0
1,Passenger_819,female,55.86304759190777,0,0,TICKET_819,48.09372360773348,,S,1
2,Passenger_820,male,26.93189501995417,2,1,TICKET_820,2.3037949453364956,,C,0
3,Passenger_821,male,40.136490161148636,0,1,TICKET_821,30.466643273397477,,C,1
1,Passenger_822,female,10.947542110868124,0,0,TICKET_822,11.430347021862167,,S,1
2,Passenger_823,male,15.831672536138873,0,1,TICKET_823,6.28912427307993,,Q,0
2,Passenger_824,male,36.549891029265474,0,1,TICKET_824,14.903832708602481,,S,0
3,Passenger_825,female,51.219682413771494,0,1,TICKET_825,37.87358265706863,,S,1
3,Passenger_826,male,34.85639355739207,2,0,TICKET_826,22.220113877648934,,S,0
2,Passenger_827,female,25.160658557414262,0,0,TICKET_827,4.245380448115657,,S,1
2,Passenger_828,female,,0,2,TICKET_828,29.694168992400407,,S,1
3,Passenger_829,male,,0,0,TICKET_829,5.6683323114337885,,S,0
3,Passenger_830,male,38.46547223215282,0,0,TICKET_830,15.800154883801856,,S,0
1,Passenger_831,male,42.49382940368943,0,0,TICKET_831,8.465337789378845,C831,S,1
3,Passenger_832,male,23.144690173920335,1,0,TICKET_832,9.36857026270956,,C,0
1,Passenger_833,male,22.884388857487227,1,0,TICKET_833,30.55387656529995,,S,1
1,Passenger_834,female,33.5552343299547,0,0,TICKET_834,3.496517720513681,,S,0
3,Passenger_835,male,23.367563827411367,1,0,TICKET_835,125.74223896868054,,S,1
2,Passenger_836,male,28.741077087925575,1,1,TICKET_836,1.369843797404515,,S,0
3,Passenger_837,female,,1,1,TICKET_837,5.946476029165734,,S,1
2,Passenger_838,female,26.118127339183047,0,0,TICKET_838,18.99649081061266,C838,C,1
3,Passenger_839,male,24.50406779569228,0,2,TICKET_839,24.561421977813975,,S,0
3,Passenger_840,male,20.310643818290192,0,0,TICKET_840,10.798736486701044,,S,0
1,Passenger_841,male,40.49078358674908,0,0,TICKET_841,11.371738021811709,,S,0
3,Passenger_842,male,27.072249488337505,0,0,TICKET_842,19.938650862560667,C842,S,0
1,Passenger_843,male,20.284090944339322,0,1,TICKET_843,9.232377756103816,,C,0
3,Passenger_844,male,48.85890846795867,1,2,TICKET_844,64.83318001120658,,S,1
1,Passenger_845,female,50.28424356544774,1,0,TICKET_845,33.355375276429086,,C,1
2,Passenger_846,male,20.993858296788773,1,1,TICKET_846,34.72254616007094,,S,1
1,Passenger_847,male,2.635170705271065,0,0,TICKET_847,3.8213812153134743,,S,0
3,Passenger_848,male,44.308948502635374,1,0,TICKET_848,11.075482601224719,,C,0
3,Passenger_849,male,19.772867526479942,0,0,TICKET_849,8.494686594745014,C849,S,0
3,Passenger_850,female,41.164071187860145,0,0,TICKET_850,3.644715641722745,,C,0
1,Passenger_851,female,,0,0,TICKET_851,18.768820720509535,,C,1
3,Passenger_852,female,,0,1,TICKET_852,6.390580380691171,,S,1
1,Passenger_853,male,12.13800702542867,0,0,TICKET_853,26.748665809567026,,S,1
3,Passenger_854,male,,1,0,TICKET_854,3.3728906101465563,,S,0
1,Passenger_855,male,29.906959483628295,0,0,TICKET_855,95.85616008623093,,S,1
1,Passenger_856,male,15.86787841874865,1,0,TICKET_856,4.155367240871074,,S,1
1,Passenger_857,male,23.797973462561682,0,1,TICKET_857,15.84989387378345,C857,S,0
3,Passenger_858,female,39.65161762587216,0,0,TICKET_858,31.50767517387437,,C,1
3,Passenger_859,male,31.235469570170896,0,0,TICKET_859,6.142497901394764,,C,1
1,Passenger_860,male,38.17398821685102,0,1,TICKET_860,33.88465889943051,C860,S,0
3,Passenger_861,male,58.35838847547454,0,0,TICKET_861,2.787038834717878,,S,1
3,Passenger_862,male,7.018496630189755,0,0,TICKET_862,69.58445808437696,,S,0
3,Passenger_863,male,53.14958233704505,0,0,TICKET_863,12.39110799205714,,S,1
2,Passenger_864,female,31.213161094086587,0,0,TICKET_864,5.955447282734097,,S,1
2,Passenger_865,female,,0,0,TICKET_865,8.507787096337129,C865,C,1
3,Passenger_866,female,,1,0,TICKET_866,32.15934648200971,,Q,1
1,Passenger_867,male,26.957754333733014,0,1,TICKET_867,6.0415080007289985,,S,1
1,Passenger_868,male,,1,1,TICKET_868,4.956851558186675,,S,0
3,Passenger_869,male,27.850537754525753,0,0,TICKET_869,9.338597523659958,,S,0
3,Passenger_870,male,51.61174648858653,2,0,TICKET_870,2.967279277173986,,C,0
2,Passenger_871,female,8.657952494252395,1,1,TICKET_871,108.27266154830536,,S,1
2,Passenger_872,male,29.524710256232208,0,0,TICKET_872,6.173873832279797,C872,Q,1
3,Passenger_873,male,,0,0,TICKET_873,33.04730908332856,C873,C,0
2,Passenger_874,male,,1,0,TICKET_874,15.663984564532402,,S,1
1,Passenger_875,male,42.55986715641085,0,1,TICKET_875,3.7380315129241755,,S,1
1,Passenger_876,female,23.598953991624725,0,0,TICKET_876,12.095752391457637,C876,S,0
3,Passenger_877,male,,0,0,TICKET_877,31.212021814648192,,C,1
3,Passenger_878,male,32.58474812854917,1,0,TICKET_878,9.719035623845873,,S,0
1,Passenger_879,male,36.03270900013589,1,1,TICKET_879,50.99540522413477,,S,0
1,Passenger_880,male,35.562273946944615,0,0,TICKET_880,41.50518965467681,C880,S,1
1,Passenger_881,female,47.61884178142124,0,2,TICKET_881,36.697103402746514,C881,S,1
3,Passenger_882,female,,0,0,TICKET_882,7.0175339929821785,,C,0
1,Passenger_883,female,39.56313352903152,0,0,TICKET_883,3.334054272405998,,S,1
1,Passenger_884,female,46.99135893093064,3,0,TICKET_884,5.833953340549518,,S,1
3,Passenger_885,male,3.9104800319055038,0,0,TICKET_885,15.41728262891334,,Q,0
1,Passenger_886,female,34.33495147582517,0,2,TICKET_886,23.451725077025035,,S,1
3,Passenger_887,male,22.389392450388762,0,0,TICKET_887,0.8995274710406508,C887,C,1
1,Passenger_888,male,28.517921240026133,1,1,TICKET_888,12.064462624668844,,S,0
1,Passenger_889,female,34.74130901130587,0,0,TICKET_889,14.72736120831278,C889,S,1
2,Passenger_890,male,22.63518582035349,0,0,TICKET_890,8.73158483587198,,Q,1
3,Passenger_891,female,19.90223285215663,0,0,TICKET_891,57.370406651777806,,S,0
